UserId,UserUserName,UserPassword,UserName,UserGender,UserEmail,UserLastLogin,UserContact,UserAge
1,Lynn,123,Lyn,none,lyn@example.com,null,0,0
2,angel,123,angel,female,angel@example.com,null,0,0
3,jh,123,jh,male,jh@email,null,30,12
4,David,abc,David Brown,Male,davidbrown@example.com,null,0,29
5,Sarah,def,Sarah Johnson,Female,sarahjohnson@example.com,null,0,37
6,Michael,xyz,Michael Wilson,Male,michaelwilson@example.com,null,0,43
7,Emily,uvw,Emily Davis,Female,emilydavis@example.com,null,0,24
8,James,ijk,James Miller,Male,jamesmiller@example.com,null,0,52
9,Olivia,lmn,Olivia Anderson,Female,oliviaanderson@example.com,null,0,48
10,William,pqr,William Martinez,Male,williammartinez@example.com,null,0,30
11,Ava,stuv,Ava Taylor,Female,avataylor@example.com,null,0,35
12,Alexander,fgh,Alexander Thomas,Male,alexanderthomas@example.com,null,0,27
13,Charlotte,cde,Charlotte Lee,Female,charlottelee@example.com,null,0,39
14,Mason,rst,Mason Garcia,Male,masongarcia@example.com,null,0,33
15,Sophia,opq,Sophia Hernandez,Female,sophiahernandez@example.com,null,0,46
16,Logan,ghi,Logan Wilson,Male,loganwilson@example.com,null,0,28
17,Grace,bcd,Grace Taylor,Female,gracetaylor@example.com,null,0,36
18,Aiden,efg,Aiden Parker,Male,aidenparker@example.com,null,0,42
19,Ella,klm,Ella Lewis,Female,ellalewis@example.com,null,0,26
20,Jacob,stu,Jacob Clark,Male,jacobclark@example.com,null,0,31
